{
  "nodes": [
    {"id": "a", "group": [1,2]},
    {"id": "b", "group": [1]},
    {"id": "c", "group": [1,3]},
    {"id": "d", "group": [2,4]},
    {"id": "e", "group": [2]},
    {"id": "f", "group": [2]},
    {"id": "g", "group": [3]},
    {"id": "h", "group": [3]},
    {"id": "i", "group": [4,3]},
    {"id": "j", "group": [4]},
    {"id": "k", "group": [4]}
  ],
  "links": [
    {"source": "a", "target": "b", "value": 1},
    {"source": "b", "target": "d", "value": 1},
    {"source": "c", "target": "e", "value": 1},
    {"source": "d", "target": "a", "value": 1},
    {"source": "e", "target": "f", "value": 1},
    {"source": "e", "target": "g", "value": 1},
    {"source": "f", "target": "i", "value": 1},
    {"source": "g", "target": "c", "value": 1},
    {"source": "g", "target": "b", "value": 1},
    {"source": "h", "target": "i", "value": 1},
    {"source": "h", "target": "j", "value": 1},
    {"source": "c", "target": "j", "value": 1},
    {"source": "a", "target": "f", "value": 1},
    {"source": "e", "target": "g", "value": 1}
  ]
}
